CIF file,Positions,Cell Parameters
/home/sowiredumensah/lustre/project/rounds/dft_5/optimized_structures/CO2_Fe_dopedwith_Os.cif,"[[8.58, -0.00298532983499049, 9.761921644277221], [7.157355753260366, 6.071712026637302, 9.776460564604024], [10.002644246739635, 6.071712026637302, 9.776460564604024], [10.002238657765691, 2.01762992534416, 9.776415516105919], [4.29, 2.0252072560433585, 9.76179933811992], [7.157761342234308, 2.01762992534416, 9.776415516105919], [11.432231915106625, 4.044542037222631, 9.78741214515199], [5.727768084893372, 4.044542037222631, 9.78741214515199], [8.58, 4.044861235484211, 9.758334510447265], [8.579999999999997, 2.0493269149205617, 12.045488860638297], [2.8731802165527234, 2.0118399003116894, 12.03719661712516], [5.706819783447275, 2.0118399003116894, 12.03719661712516], [10.033331535785766, 4.044571128386653, 12.02252539860921], [4.29, 4.0447255338055115, 12.043832816984049], [7.126668464214233, 4.044571128386653, 12.02252539860921], [7.162750235917744, 0.010580887260670812, 12.037307318114063], [1.4172497640822566, 0.010580887260670808, 12.037307318114063], [8.58, 6.039816302400187, 12.045545400131665], [4.29, 6.042188049672666, 14.303590550889806], [7.213256210798957, 6.031612111384452, 14.3116972013089], [9.946743789201042, 6.031612111384453, 14.3116972013089], [9.94641327845699, 2.057743197067526, 14.31164141171125], [4.289999999999998, 2.047035093912528, 14.303510689288782], [7.2135867215430105, 2.057743197067526, 14.31164141171125], [11.390821552631635, 4.044636538525739, 14.272415640549378], [5.769178447368365, 4.044636538525739, 14.272415640549378], [8.58, 4.0448135147133515, 13.934218283176277]]","[[8.58, 0.0, 0.0], [4.29, 6.066976182580577, 0.0], [0.0, 0.0, 24.044650788387052]]"
/home/sowiredumensah/lustre/project/rounds/dft_5/optimized_structures/CO2_Fe_dopedwith_Hg.cif,"[[4.29, 6.061824861227474, 9.629517754722068], [7.157476429517462, 6.066521242698221, 9.680991649087355], [10.002523570482538, 6.066521242698221, 9.680991649087355], [10.001796214890346, 2.0228593816931455, 9.680950628450057], [4.29, 2.0273064810988934, 9.628997022757186], [7.158203785109653, 2.0228593816931455, 9.680950628450057], [11.424714439263296, 4.044589574276291, 9.658984863572782], [5.7352855607367035, 4.044589574276291, 9.658984863572782], [8.58, 4.044809643437942, 9.690337073603267], [8.58, 2.0779519105470974, 12.129975430028393], [2.874139876322461, 2.0088111407071176, 12.059907180104556], [5.705860123677538, 2.0088111407071176, 12.059907180104556], [10.056621139115629, 4.044565667914201, 11.917225703296872], [4.29, 4.044834378549077, 12.024432190543433], [7.103378860884375, 4.044565667914201, 11.91722570329687], [7.163495742524698, 0.013495793965268833, 12.060043889747327], [1.4165042574753017, 0.013495793965268833, 12.060043889747327], [8.579999999999997, 6.011357490266356, 12.130147519993741], [4.29, 6.018161250393781, 14.431619704027684], [7.247175937093315, 6.020074025960575, 14.479997369393667], [9.912824062906685, 6.020074025960575, 14.479997369393667], [9.912225745314739, 2.07007364821883, 14.47986762905026], [4.29, 2.0714840952079783, 14.431833225988726], [7.24777425468526, 2.0700736482188304, 14.47986762905026], [11.28827208388145, 4.044804207173685, 14.346870573064434], [5.87172791611855, 4.044804207173685, 14.346870573064434], [8.579999999999998, 4.044903781205774, 13.835293163890087]]","[[8.58, 0.0, 0.0], [4.29, 6.066976182580577, 0.0], [0.0, 0.0, 24.044650788387052]]"
/home/sowiredumensah/lustre/project/rounds/dft_5/optimized_structures/CO2_Fe_dopedwith_Ru.cif,"[[4.29, 6.060463243492797, 9.648480753267384], [2.8772493199936107, 0.003340037862097478, 9.695929475687972], [5.702750680006388, 0.003340037862097349, 9.695929475687972], [9.991594221959629, 2.0191278415082823, 9.695922548584695], [4.29, 2.0286857808076295, 9.647592544156831], [7.168405778040371, 2.0191278415082823, 9.695922548584695], [11.417598173282139, 4.044530085565388, 9.689274685873508], [5.7424018267178605, 4.044530085565388, 9.689274685873508], [8.58, 4.044881623981132, 9.681786113601836], [8.58, 2.0658305787260196, 12.134282890289883], [2.891833650491605, 2.0023304876272574, 12.047372752694125], [5.688166349508394, 2.0023304876272574, 12.047372752694125], [10.061934450334114, 4.044624677897796, 11.9854871893195], [4.29, 4.0449393491382155, 12.03649251373578], [7.09806554966589, 4.044624677897796, 11.985487189319501], [7.180921778502087, 0.020099358533301914, 12.0477626801398], [1.3990782214979118, 0.02009935853330192, 12.0477626801398], [8.58, 6.023325879135553, 12.134654526239077], [4.29, 5.99912697501278, 14.435101983601706], [7.286660129705453, 5.9923370921815735, 14.468598458729053], [9.873339870294547, 5.9923370921815735, 14.468598458729053], [9.873192547493524, 2.097147925146417, 14.468870622465168], [4.29, 2.0902799400151406, 14.435657356032761], [7.286807452506475, 2.097147925146417, 14.468870622465172], [11.275565612457463, 4.04473730587202, 14.312984578198641], [5.884434387542537, 4.04473730587202, 14.312984578198641], [8.58, 4.044652549014234, 13.823392002435796]]","[[8.58, 0.0, 0.0], [4.29, 6.066976182580577, 0.0], [0.0, 0.0, 24.044650788387052]]"
/home/sowiredumensah/lustre/project/rounds/dft_5/optimized_structures/CO2_Fe_dopedwith_Ti.cif,"[[8.58, 0.0017648681882960066, 9.877621997509744], [2.861415241999634, 7.830140755254853e-05, 9.878791468856742], [5.718584758000364, 7.830140755254853e-05, 9.878791468856742], [10.008368955732037, 2.0222220832364552, 9.878795934665701], [4.289999999999998, 2.0205978755134795, 9.877459803785515], [7.151631044267963, 2.0222220832364552, 9.878795934665701], [11.431981200490059, 4.044660423419867, 9.884758777163968], [5.7280187995099405, 4.044660423419867, 9.884758777163968], [8.58, 4.044584657726495, 9.876558598011936], [8.58, 2.039822043037716, 12.032869897736155], [2.8601268151640027, 2.021750490043039, 12.027541324976571], [5.719873184835997, 2.021750490043039, 12.027541324976571], [9.994582838739106, 4.044653569719963, 12.047395912997635], [4.29, 4.044716326626573, 12.019693758921763], [7.165417161260893, 4.044653569719963, 12.047395912997635], [7.149936645724119, 0.0005265807899850522, 12.027581408312784], [1.430063354275881, 0.0005265807899850522, 12.027581408312784], [8.58, 6.049456824002335, 12.032858210339507], [8.58, 0.0014027821018129348, 14.171283754957143], [7.162286641367133, 6.038697912713158, 14.177212422681352], [9.997713358632865, 6.038697912713158, 14.177212422681352], [9.99755482637918, 2.050556672978422, 14.17719504681043], [4.29, 2.0207894937149447, 14.171413218642414], [7.162445173620822, 2.050556672978422, 14.17719504681043], [11.399538405245211, 4.044586295432113, 14.17297597872266], [5.760461594754785, 4.044586295432113, 14.17297597872266], [8.58, 4.0447065049379916, 14.009929604075124]]","[[8.58, 0.0, 0.0], [4.29, 6.066976182580577, 0.0], [0.0, 0.0, 24.044650788387052]]"
/home/sowiredumensah/lustre/project/rounds/dft_5/optimized_structures/CO2_Fe_dopedwith_Mn.cif,"[[8.579999999999998, 0.008328541367329105, 9.878029020772509], [7.153093127669203, 6.065471890268873, 9.880892116667232], [10.006906872330797, 6.065471890268873, 9.880892116667232], [10.006715026410209, 2.023823263993593, 9.880885971440108], [4.29, 2.0139895502553236, 9.877839350337725], [7.15328497358979, 2.023823263993593, 9.880885971440108], [11.433760326253598, 4.044670877836692, 9.889064708376864], [5.726239673746401, 4.044670877836692, 9.889064708376864], [8.58, 4.044610872334869, 9.866031497672392], [8.58, 2.0447315626516107, 12.036315019001599], [2.8637918851816577, 2.0140179238178844, 12.021773748268867], [5.716208114818342, 2.0140179238178844, 12.021773748268867], [9.999866443989166, 4.044654408005803, 12.047968116296756], [4.29, 4.04473783612633, 12.022634772467821], [7.160133556010832, 4.044654408005803, 12.047968116296756], [7.153664625314112, 0.008271478416073782, 12.021830597418978], [1.426335374685889, 0.008271478416073782, 12.021830597418978], [8.579999999999998, 6.044451819886698, 12.036327978347284], [4.29, 6.055723490980773, 14.181660154073839], [7.161922444320497, 6.048698380145049, 14.177587278537413], [9.998077555679503, 6.048698380145049, 14.177587278537413], [9.99792680860095, 2.0405401190481878, 14.177552360171596], [4.29, 2.0335334082749603, 14.181781693027967], [7.162073191399052, 2.0405401190481878, 14.177552360171596], [11.398056986228736, 4.044591581314325, 14.16786023783991], [5.761943013771264, 4.044591581314325, 14.16786023783991], [8.58, 4.044703752632294, 13.982249186781258]]","[[8.58, 0.0, 0.0], [4.29, 6.066976182580577, 0.0], [0.0, 0.0, 24.044650788387052]]"
/home/sowiredumensah/lustre/project/rounds/dft_5/optimized_structures/CO2_Fe_dopedwith_Cr.cif,"[[8.58, 0.00023577840134442023, 9.822898836428193], [2.8605143994788165, 0.0024975263678026754, 9.822821561423284], [5.719485600521183, 0.0024975263678026754, 9.822821561423284], [10.009186163506328, 2.0198550000875755, 9.822884217712703], [4.29, 2.021964917718103, 9.822766830654906], [7.150813836493668, 2.0198550000875755, 9.822884217712703], [11.441582129402624, 4.0446383523771186, 9.825630515733307], [5.718417870597376, 4.0446383523771186, 9.825630515733307], [8.58, 4.04473519930906, 9.813418774007948], [8.58, 2.0309269337132476, 12.008696483643233], [2.868309313426022, 2.0184269718469903, 12.018038763665652], [5.711690686573977, 2.0184269718469903, 12.018038763665652], [10.022186841161274, 4.044638130365048, 12.01138039285364], [4.29, 4.044654048588241, 12.028587679872642], [7.1378131588387275, 4.044638130365048, 12.01138039285364], [7.157994460100249, 0.003935453165543523, 12.018032049467921], [1.4220055398997493, 0.003935453165543523, 12.018032049467921], [4.29, -0.008687652813358163, 12.00866941255628], [4.29, 6.055081983794521, 14.227044732706283], [2.865912373592403, -0.0006927398585870781, 14.227923810099604], [5.714087626407596, -0.0006927398585870781, 14.227923810099604], [10.003831568736297, 2.0230187332571803, 14.227863805942535], [4.29, 2.034105302922213, 14.227200878384405], [7.156168431263701, 2.0230187332571803, 14.227863805942535], [2.85927427198303, 4.044621331235719, 14.219020149549296], [5.720725728016968, 4.044621331235719, 14.219020149549296], [8.58, 4.044694097124729, 14.237963106197492]]","[[8.58, 0.0, 0.0], [4.29, 6.066976182580577, 0.0], [0.0, 0.0, 24.044650788387052]]"
/home/sowiredumensah/lustre/project/rounds/dft_5/optimized_structures/CO2_Fe_dopedwith_V.cif,"[[8.58, 0.0055052669934575445, 9.878695479789034], [7.154164472344895, 6.065096834357037, 9.880475640397792], [10.005835527655103, 6.065096834357037, 9.880475640397792], [10.00561890003497, 2.024159182894998, 9.880484973281623], [4.29, 2.0168445275996767, 9.878484739168382], [7.154381099965031, 2.024159182894998, 9.880484973281623], [11.434211473037209, 4.044692334524533, 9.888252029251746], [5.72578852696279, 4.044692334524533, 9.888252029251746], [8.58, 4.044593623383469, 9.86896231707944], [8.58, 2.0356507859576785, 12.027336256983215], [2.864355245013451, 2.016935649663226, 12.026773345471183], [5.715644754986548, 2.016935649663226, 12.026773345471183], [10.00038252055574, 4.0446693487650895, 12.046319133049904], [4.29, 4.044699629798095, 12.021545813809794], [7.159617479444259, 4.0446693487650895, 12.046319133049904], [7.154166568310514, 0.005354840701556955, 12.02681521482433], [1.425833431689484, 0.005354840701556955, 12.02681521482433], [8.58, 6.0535908121344395, 12.027305939829835], [4.29, 6.059872440740272, 14.1772860025874], [7.160900033333563, 6.047505271329788, 14.178725244459377], [9.999099966666435, 6.047505271329788, 14.178725244459377], [9.998907764598952, 2.0417311057964054, 14.178704126078028], [4.29, 2.029347221462599, 14.177442964154922], [7.161092235401048, 2.0417311057964054, 14.178704126078028], [11.405551273175954, 4.044597462722945, 14.168792236428827], [5.754448726824044, 4.044597462722945, 14.168792236428827], [8.579999999999997, 4.044715292415219, 13.986521750564124]]","[[8.58, 0.0, 0.0], [4.29, 6.066976182580577, 0.0], [0.0, 0.0, 24.044650788387052]]"
/home/sowiredumensah/lustre/project/rounds/dft_5/optimized_structures/CO2_Fe_dopedwith_Co.cif,"[[4.29, 6.065350831176873, 9.877765983374438], [2.8616823267750506, 0.0005762862245792241, 9.877774393896818], [5.718317673224948, 0.0005762862245792241, 9.877774393896818], [10.008113076414036, 2.0217309053894694, 9.877727165819465], [4.29, 2.024012572422483, 9.877711857881456], [7.151886923585963, 2.0217309053894694, 9.877727165819465], [11.437421442298422, 4.044639860459417, 9.877615472635284], [5.722578557701578, 4.044639860459417, 9.877615472635284], [8.58, 4.044644258160503, 9.876440867587696], [8.579999999999998, 2.021472592315651, 12.021473473683688], [2.860249810610633, 2.0239852775155738, 12.022010665548017], [5.719750189389367, 2.0239852775155738, 12.022010665548017], [10.008786562883278, 4.0446016206234, 12.02313581044243], [4.29, 4.044706725114072, 12.023993178202383], [7.151213437116723, 4.0446016206234, 12.02313581044243], [11.440059487970585, 6.065330566577007, 12.0220389847498], [5.71994051202941, 6.065330566577007, 12.0220389847498], [4.29, 0.00083931061835182, 12.021451451700665], [8.58, 0.0026521268250891935, 14.168036043922099], [7.1461110515498545, 6.0660967054804384, 14.170227417918047], [10.013888948450145, 6.0660967054804384, 14.170227417918047], [1.4336183291040447, 2.0231503827923216, 14.170221855633015], [4.29, 2.0197320796170697, 14.168085912559548], [7.146381670895954, 2.0231503827923216, 14.170221855633015], [2.860071633206113, 4.044645825781602, 14.167857403085174], [5.719928366793886, 4.044645825781602, 14.167857403085174], [8.58, 4.044544126425606, 14.15425792804844]]","[[8.58, 0.0, 0.0], [4.29, 6.066976182580577, 0.0], [0.0, 0.0, 24.044650788387052]]"
/home/sowiredumensah/lustre/project/rounds/dft_5/optimized_structures/CO2_Fe_dopedwith_Pd.cif,"[[4.29, 6.064300448518556, 9.679185435147543], [2.868223691375366, 0.0024581420229042596, 9.712096406863258], [5.711776308624633, 0.0024581420229043065, 9.712096406863257], [1.4209919975631815, 2.0199352471329384, 9.711916835265596], [4.29, 2.0247562517549684, 9.67862897985287], [7.159008002436819, 2.0199352471329384, 9.711916835265596], [11.42114530260949, 4.0445778008761435, 9.712538392353418], [5.738854697390511, 4.0445778008761435, 9.712538392353418], [8.58, 4.044876276122433, 9.675603721550896], [8.58, 2.0565852939796714, 12.04574472049889], [2.889189916199394, 2.000042275784823, 12.031507802758414], [5.6908100838006055, 2.000042275784823, 12.031507802758414], [10.034043715255438, 4.044587812108155, 12.03921292788424], [4.29, 4.044854954471328, 12.02950211814384], [7.125956284744561, 4.044587812108155, 12.039212927884241], [7.178466294225428, 0.02231594364879752, 12.031538479599014], [1.401533705774568, 0.02231594364879752, 12.031538479599014], [8.58, 6.032437191251372, 12.045795959176322], [4.29, 6.025225769793511, 14.38877220629218], [7.2450103436504465, 6.002106684182888, 14.416607290612122], [9.914989656349553, 6.002106684182888, 14.416607290612122], [9.914666205158952, 2.0875447486805427, 14.416549795734682], [4.29, 2.0641667149118965, 14.389187737952254], [7.2453337948410494, 2.0875447486805427, 14.416549795734682], [11.370263267268927, 4.044741188496171, 14.313110606481395], [5.789736732731073, 4.044741188496171, 14.313110606481395], [8.58, 4.044899288049363, 13.889244441191702]]","[[8.58, 0.0, 0.0], [4.29, 6.066976182580577, 0.0], [0.0, 0.0, 24.044650788387052]]"
/home/sowiredumensah/lustre/project/rounds/dft_5/optimized_structures/CO2_Fe_dopedwith_Ni.cif,"[[8.58, 0.006388339013553306, 9.822557059900166], [7.152876242815678, 6.074129867271063, 9.835808287205634], [10.007123757184322, 6.074129867271063, 9.835808287205634], [10.00680722393566, 2.015170667789565, 9.835796586229693], [4.29, 2.0159284649972946, 9.822421659377493], [7.153192776064337, 2.015170667789565, 9.835796586229693], [11.421764830094704, 4.044620967273312, 9.835651177724658], [5.7382351699052965, 4.044620967273312, 9.835651177724658], [8.58, 4.044734327987453, 9.832430319824093], [8.58, 2.0200661162439335, 12.04420889386398], [2.860997493873741, 2.014575162764158, 12.02930070045581], [5.719002506126259, 2.014575162764158, 12.02930070045581], [10.048808302191503, 4.0445991667211, 12.029278947153049], [4.29, 4.0447551588018955, 12.036425573859162], [7.111191697808498, 4.0445991667211, 12.029278947153049], [7.150756305574757, 0.007756387494728046, 12.029360194941766], [1.4292436944252431, 0.007756387494728046, 12.029360194941766], [8.58, 6.069143229108718, 12.04419634307993], [4.29, 6.051810755531317, 14.230743503690668], [7.1821187235894115, 6.042489446001896, 14.244180926832804], [9.977881276410589, 6.042489446001896, 14.244180926832804], [9.977611471044622, 2.0467884310498237, 14.244263781481168], [4.29, 2.0374119734303653, 14.230846036602387], [7.182388528955376, 2.0467884310498237, 14.244263781481168], [11.379650290598239, 4.0446356279695195, 14.225844447718451], [5.780349709401761, 4.0446356279695195, 14.225844447718451], [8.58, 4.044693190623145, 13.942886475956342]]","[[8.58, 0.0, 0.0], [4.29, 6.066976182580577, 0.0], [0.0, 0.0, 24.044650788387052]]"
/home/sowiredumensah/lustre/project/rounds/dft_5/optimized_structures/CO2_Fe_dopedwith_Fe.cif,"[[0.0, 0.0, 9.875485505007939], [2.859874783957883, 1.2444624297588054e-21, 9.875381829438178], [5.720125216042116, 1.2444624297588054e-21, 9.875381829438178], [10.009950212756266, 2.0223367715094964, 9.87540435801776], [4.29, 2.022350476068194, 9.875415947879462], [7.1500497872437325, 2.0223367715094964, 9.87540435801776], [2.860049787243733, 4.044639411071079, 9.87540435801776], [5.719950212756267, 4.044639411071079, 9.87540435801776], [8.58, 4.044625706512382, 9.875415947879462], [8.58, 2.0222488292767125, 12.022325394193526], [2.8600612198996367, 2.022322492276897, 12.022325394193526], [5.719938780100363, 2.022322492276897, 12.022325394193526], [10.009938780100363, 4.0446536903036785, 12.022325394193526], [4.29, 4.044727353303863, 12.022325394193526], [7.150061219899635, 4.0446536903036785, 12.022325394193526], [11.439901673007247, 6.066976182580575, 12.022325394193526], [5.720098326992752, 6.066976182580575, 12.022325394193526], [8.58, 6.066976182580575, 12.022325394193526], [0.0, 0.0, 14.16916528337911], [2.859874783957883, 1.2444624297588054e-21, 14.169268958948873], [5.720125216042116, 1.2444624297588054e-21, 14.169268958948873], [10.009950212756266, 2.0223367715094964, 14.16924643036929], [4.29, 2.022350476068194, 14.169234840507588], [7.1500497872437325, 2.0223367715094964, 14.16924643036929], [2.860049787243733, 4.044639411071079, 14.16924643036929], [5.719950212756267, 4.044639411071079, 14.16924643036929], [8.58, 4.044625706512382, 14.169234840507588]]","[[8.58, 0.0, 0.0], [4.29, 6.066976182580577, 0.0], [0.0, 0.0, 24.044650788387052]]"
/home/sowiredumensah/lustre/project/rounds/dft_5/optimized_structures/CO2_Fe_dopedwith_Re.cif,"[[8.58, 0.004890286575678545, 9.878589254455452], [7.152930058506896, 6.059046357780938, 9.883126640743324], [10.007069941493103, 6.059046357780938, 9.883126640743324], [10.006842623348694, 2.030236613512927, 9.883160924876021], [4.29, 2.0174433581690536, 9.87852711548024], [7.153157376651304, 2.030236613512927, 9.883160924876021], [11.431501419691847, 4.044687928780926, 9.890467649578602], [5.728498580308153, 4.044687928780926, 9.890467649578602], [8.58, 4.044573532910566, 9.8678667878745], [8.58, 2.0336951633319678, 12.030811965642117], [2.8656002731253167, 2.010186977155758, 12.021593735781895], [5.714399726874683, 2.010186977155758, 12.021593735781895], [9.96613152215396, 4.0446789815761885, 12.083666356620235], [4.29, 4.044699817889135, 12.015137611290616], [7.19386847784604, 4.0446789815761885, 12.083666356620235], [7.155415447847772, 0.01212861885411139, 12.021652619599784], [1.4245845521522253, 0.01212861885411139, 12.021652619599784], [8.58, 6.055516297733811, 12.030800668105192], [4.29, 6.057798573325274, 14.177341567630556], [7.183900959036891, 6.010324167340225, 14.177055671519819], [9.976099040963106, 6.010324167340225, 14.177055671519819], [9.975929819997448, 2.0789512263912853, 14.177020159145352], [4.29, 2.0314706690381383, 14.177385100784418], [7.184070180002552, 2.0789512263912853, 14.177020159145352], [11.420452495159317, 4.044633038742112, 14.168264984641777], [5.739547504840683, 4.044633038742112, 14.168264984641777], [8.58, 4.04467110121966, 13.928253165983858]]","[[8.58, 0.0, 0.0], [4.29, 6.066976182580577, 0.0], [0.0, 0.0, 24.044650788387052]]"
/home/sowiredumensah/lustre/project/rounds/dft_5/optimized_structures/CO2_Fe_dopedwith_Y.cif,"[[8.58, 0.0017444843196780303, 9.879399033974908], [7.153651602243825, 6.063993113777481, 9.884559606949658], [10.006348397756176, 6.063993113777481, 9.884559606949658], [10.006128086593034, 2.0252618161910307, 9.884607219700642], [4.29, 2.020589571655239, 9.879293087854643], [7.153871913406966, 2.0252618161910307, 9.884607219700642], [11.436491960147126, 4.044672123355079, 9.883672954637145], [5.723508039852873, 4.044672123355079, 9.883672954637145], [8.579999999999998, 4.0445857665321485, 9.86962039833875], [8.58, 2.0236599595450557, 12.02153965954844], [2.8640526793464933, 2.0160961508935973, 12.022023446384207], [5.715947320653506, 2.0160961508935973, 12.022023446384207], [9.98472485232954, 4.044650989222026, 12.061442879384826], [4.29, 4.044718542385041, 12.023247198343755], [7.175275147670459, 4.044650989222026, 12.061442879384826], [7.153914112443896, 0.006204689210228734, 12.02208774148898], [1.4260858875561018, 0.006204689210228734, 12.02208774148898], [8.58, 6.065558290290558, 12.021493111565126], [4.29, 6.063237880709031, 14.173094009261806], [7.1639304577018805, 6.032809755573866, 14.179180061324136], [9.99606954229812, 6.032809755573866, 14.179180061324136], [9.995838454841625, 2.0564509206254993, 14.179118584276784], [4.29, 2.0259753960270617, 14.173120858188607], [7.164161545158376, 2.0564509206254993, 14.179118584276784], [11.426103872671426, 4.04460522784471, 14.16794712725443], [5.733896127328573, 4.04460522784471, 14.16794712725443], [8.58, 4.044650862924798, 13.990377575236563]]","[[8.58, 0.0, 0.0], [4.29, 6.066976182580577, 0.0], [0.0, 0.0, 24.044650788387052]]"
/home/sowiredumensah/lustre/project/rounds/dft_5/optimized_structures/CO2_Fe_dopedwith_Sn.cif,"[[4.29, 6.052631135083348, 9.678431360575726], [2.8675395523869356, 0.006752882733923837, 9.69857747114836], [5.712460447613063, 0.006752882733923686, 9.698577471148361], [10.001754562632943, 2.015726661387424, 9.698823132254436], [4.29, 2.0364601813403893, 9.678379035048911], [7.158245437367055, 2.015726661387424, 9.698823132254436], [11.415796628837997, 4.044624584355323, 9.720825719186239], [5.744203371162002, 4.044624584355323, 9.720825719186239], [8.58, 4.044909722701749, 9.712061052404591], [8.58, 2.0430019929576644, 12.145625660309173], [2.8354553188785347, 2.0341437897482875, 12.044191019598806], [5.744544681121466, 2.0341437897482875, 12.044191019598806], [9.964200935141815, 4.044516183680379, 12.009844462915055], [4.29, 4.0447153941894465, 11.99994165717333], [7.195799064858188, 4.044516183680379, 12.009844462915055], [11.414820959640586, 6.055115071424721, 12.043880934524534], [5.745179040359414, 6.05511507142472, 12.043880934524534], [8.58, 6.046238073672575, 12.145685517455366], [4.29, 6.061388119528245, 14.355946191799003], [7.22064741808834, 6.024473108694796, 14.392990872520135], [9.939352581911656, 6.024473108694796, 14.392990872520135], [9.938199718200577, 2.066754708676394, 14.392838828636435], [4.29, 2.028258601613465, 14.355971679256376], [7.221800281799421, 2.066754708676394, 14.392838828636435], [11.328489412109333, 4.04493970550047, 14.327646202650644], [5.831510587890669, 4.04493970550047, 14.327646202650644], [8.58, 4.044689499317456, 13.901577209577098]]","[[8.58, 0.0, 0.0], [4.29, 6.066976182580577, 0.0], [0.0, 0.0, 24.044650788387052]]"
/home/sowiredumensah/lustre/project/rounds/dft_5/optimized_structures/CO2_Fe_dopedwith_Sc.cif,"[[8.58, 0.0009351409266845464, 9.879464280449092], [7.151903704786094, 6.066124045941042, 9.882612094628978], [10.008096295213907, 6.066124045941042, 9.882612094628978], [10.00786282441029, 2.023135814806099, 9.88259277991545], [4.29, 2.0214244901098843, 9.879353340819488], [7.152137175589709, 2.023135814806099, 9.88259277991545], [11.433610074707172, 4.044688612357882, 9.88282107333352], [5.726389925292827, 4.044688612357882, 9.88282107333352], [8.58, 4.044576396153082, 9.870451496966744], [8.58, 2.0292594280185257, 12.027709158706495], [2.8618437205671348, 2.0174140582953197, 12.023805026673632], [5.718156279432863, 2.0174140582953197, 12.023805026673632], [9.994924152602014, 4.044668616120959, 12.050685381179566], [4.29, 4.044705516168641, 12.024020722440094], [7.165075847397985, 4.044668616120959, 12.050685381179566], [7.151667977458305, 0.004891752169387846, 12.023863935026537], [1.428332022541693, 0.004891752169387846, 12.023863935026537], [8.58, 6.059977274793684, 12.027637389557873], [4.29, 6.063827968613647, 14.169718713488562], [7.1574335045281545, 6.037537820621886, 14.17715052992296], [10.002566495471843, 6.037537820621886, 14.17715052992296], [10.002315033170417, 2.0517068806418384, 14.177118112507921], [4.29, 2.0253783999912813, 14.169814648529426], [7.157684966829583, 2.0517068806418384, 14.177118112507921], [11.411582292030003, 4.044578635672746, 14.171328890649292], [5.748417707969998, 4.044578635672746, 14.171328890649292], [8.58, 4.044696278685677, 14.01285010514955]]","[[8.58, 0.0, 0.0], [4.29, 6.066976182580577, 0.0], [0.0, 0.0, 24.044650788387052]]"
/home/sowiredumensah/lustre/project/rounds/dft_5/optimized_structures/CO2_Fe_dopedwith_Cu.cif,"[[4.29, 6.064182649976429, 9.879379033372695], [7.152032178373628, 6.063938129864479, 9.880029525132244], [10.00796782162637, 6.063938129864479, 9.880029525132244], [10.007750080679124, 2.0253372724891956, 9.880044839578606], [4.29, 2.0251766429239657, 9.879253610006685], [7.152249919320872, 2.0253372724891956, 9.880044839578606], [11.435445532053397, 4.0446630880206165, 9.885698695647022], [5.724554467946602, 4.0446630880206165, 9.885698695647022], [8.58, 4.044617912693198, 9.87213667640938], [8.579999999999998, 2.028287052848971, 12.030838757104085], [2.8601996685228643, 2.0241942696502124, 12.024901513193107], [5.719800331477136, 2.0241942696502124, 12.024901513193107], [10.003815584636792, 4.044669063975219, 12.027913190841192], [4.29, 4.04470701994868, 12.020160580909032], [7.156184415363207, 4.044669063975219, 12.027913190841192], [11.44000298777386, 6.065079514034293, 12.024937627949173], [5.7199970122261385, 6.065079514034293, 12.024937627949173], [8.58, 6.060986087496285, 12.030840006431093], [8.579999999999998, 0.011958009766126945, 14.171226738431969], [2.8519917685670837, 0.0034442206270450092, 14.173555832237895], [5.7280082314329155, 0.0034442206270450092, 14.173555832237895], [1.437770136616545, 2.01884722241262, 14.173574423550159], [4.29, 2.010357847291059, 14.171229742200309], [7.142229863383453, 2.01884722241262, 14.173574423550159], [11.416038038348825, 4.044630936201797, 14.167223114990524], [5.743961961651173, 4.044630936201797, 14.167223114990524], [8.58, 4.044532960913407, 14.088969820355334]]","[[8.58, 0.0, 0.0], [4.29, 6.066976182580577, 0.0], [0.0, 0.0, 24.044650788387052]]"
/home/sowiredumensah/lustre/project/rounds/dft_5/optimized_structures/CO2_Fe_dopedwith_W.cif,"[[8.58, -0.007468787139599751, 9.755609201370401], [7.156811629210552, 6.070962257216064, 9.761709437644317], [10.003188370789447, 6.070962257216064, 9.761709437644317], [10.002565367214464, 2.0183785655956767, 9.76179646746202], [4.29, 2.0298257909841406, 9.755369770231903], [7.157434632785537, 2.0183785655956767, 9.76179646746202], [11.428382147630598, 4.044463514386675, 9.764255511031505], [5.7316178523694035, 4.044463514386675, 9.764255511031505], [8.58, 4.044991456698277, 9.746355508721026], [8.579999999999998, 2.06183668148526, 12.05033834285889], [2.876777119614756, 2.007549785811823, 12.039256980764348], [5.703222880385245, 2.007549785811823, 12.039256980764348], [10.045693967767221, 4.04452931481465, 12.031847815226431], [4.29, 4.044904502910836, 12.040713287963289], [7.114306032232779, 4.04452931481465, 12.031847815226431], [7.1663841549119365, 0.01475263157214437, 12.039300791599947], [1.4136158450880607, 0.014752631572144362, 12.039300791599947], [8.58, 6.027269333036891, 12.050634908801435], [4.29, 6.036249471065098, 14.306816081750164], [7.217534820885038, 6.025577398441001, 14.325089750675417], [9.942465179114958, 6.025577398441001, 14.325089750675417], [9.941869235084113, 2.0637069697370207, 14.32496161348848], [4.29, 2.0529513422659544, 14.306966038763491], [7.218130764915887, 2.0637069697370207, 14.32496161348848], [11.392179818325124, 4.044608775121934, 14.310367314596418], [5.767820181674875, 4.044608775121934, 14.310367314596418], [8.58, 4.04511851230688, 13.893063891053156]]","[[8.58, 0.0, 0.0], [4.29, 6.066976182580577, 0.0], [0.0, 0.0, 24.044650788387052]]"
/home/sowiredumensah/lustre/project/rounds/dft_5/optimized_structures/CO2_Fe_dopedwith_Pt.cif,"[[4.29, 6.064057040119721, 9.686061888263913], [2.869104274713391, 0.004665897591713453, 9.716866891056979], [5.7108957252866075, 0.0046658975917134755, 9.716866891056979], [10.000019266470034, 2.01775726748032, 9.716889728739632], [4.29, 2.0249734813293845, 9.68541516791136], [7.1599807335299674, 2.01775726748032, 9.716889728739632], [11.42164816012083, 4.044536244252878, 9.70030998599502], [5.738351839879172, 4.044536244252878, 9.70030998599502], [8.58, 4.044863963080933, 9.687692967518574], [8.58, 2.0540538197766915, 12.06154565409855], [2.8793216401959234, 2.005430160758085, 12.03088211315661], [5.7006783598040744, 2.005430160758085, 12.03088211315661], [10.023371324476523, 4.0445143187184796, 12.040535773215487], [4.29, 4.044817143950649, 12.029750014519928], [7.136628675523479, 4.0445143187184796, 12.040535773215487], [7.168687346756803, 0.01692567679010895, 12.03104988588752], [1.4113126532431957, 0.01692567679010895, 12.03104988588752], [8.58, 6.035045521984005, 12.061708370250953], [4.29, 6.034272550494137, 14.387783782933647], [7.25085558568633, 5.998344722090959, 14.411523182781465], [9.909144414313667, 5.998344722090959, 14.411523182781465], [9.908862383784545, 2.0913790378243133, 14.411180962696578], [4.29, 2.055138545607237, 14.38810158517091], [7.251137616215453, 2.0913790378243133, 14.411180962696578], [11.362142030654084, 4.044745239649726, 14.323829996872904], [5.797857969345917, 4.044745239649726, 14.323829996872904], [8.58, 4.044846114283887, 13.901327727427036]]","[[8.58, 0.0, 0.0], [4.29, 6.066976182580577, 0.0], [0.0, 0.0, 24.044650788387052]]"
/home/sowiredumensah/lustre/project/rounds/dft_5/optimized_structures/CO2_Fe_dopedwith_Ag.cif,"[[8.58, -0.006216733143576795, 9.713463557657727], [2.867045530154446, 0.0018093360383925781, 9.74789052495009], [5.712954469845553, 0.0018093360383926033, 9.74789052495009], [10.002392844922582, 2.0206079263310963, 9.747903847119069], [4.29, 2.0284494036875067, 9.713210077448371], [7.157607155077419, 2.0206079263310968, 9.747903847119069], [11.424220444086032, 4.04454414030666, 9.737797097329322], [5.7357795559139655, 4.04454414030666, 9.737797097329322], [8.58, 4.044853296419369, 9.71037649242334], [8.58, 2.0827397685884623, 12.055434999770345], [2.878626676698174, 2.0090915405219554, 12.026019455852136], [5.701373323301826, 2.009091540521956, 12.026019455852136], [10.023882565603069, 4.044539312285195, 12.03531878781372], [4.29, 4.0447649305708655, 12.024248971656482], [7.136117434396932, 4.044539312285195, 12.03531878781372], [7.168114290449979, 0.013276497613372842, 12.0261009907853], [1.4118857095500226, 0.013276497613372842, 12.0261009907853], [8.58, 6.00642518639737, 12.05553965906512], [4.29, 6.045838754184707, 14.342694886549372], [7.243731879794193, 6.012321300781798, 14.363005251380555], [9.916268120205807, 6.012321300781798, 14.363005251380555], [9.916103803130865, 2.077100246177226, 14.362842393466941], [4.29, 2.043572400302074, 14.342930078893863], [7.243896196869135, 2.077100246177226, 14.362842393466941], [11.370742662919522, 4.044739916292065, 14.306118397681145], [5.789257337080479, 4.044739916292065, 14.306118397681145], [8.58, 4.0448768882096235, 13.915774591739295]]","[[8.58, 0.0, 0.0], [4.29, 6.066976182580577, 0.0], [0.0, 0.0, 24.044650788387052]]"
/home/sowiredumensah/lustre/project/rounds/dft_5/optimized_structures/CO2_Fe_dopedwith_Ir.cif,"[[4.29, 6.063093776986952, 9.684021351170097], [2.871069334181186, 0.0019489110026625397, 9.705440767709154], [5.708930665818813, 0.0019489110026624581, 9.705440767709154], [9.998124941917892, 2.0204350461265874, 9.705392287113854], [4.29, 2.02601505371335, 9.68356763969771], [7.161875058082108, 2.0204350461265874, 9.705392287113854], [11.424912923227184, 4.044547862134078, 9.704925537436702], [5.7350870767728175, 4.044547862134079, 9.704925537436702], [8.58, 4.04485368947416, 9.69584773795337], [8.58, 2.0579728449323165, 12.069731340554647], [2.8816881053052303, 2.0062513365438375, 12.039195688425128], [5.698311894694769, 2.0062513365438375, 12.039195688425128], [10.018111005333685, 4.04459579502476, 12.023694320837933], [4.29, 4.044842762782873, 12.027232588483553], [7.141888994666316, 4.04459579502476, 12.023694320837933], [7.171011894430335, 0.016128217263828827, 12.03943969363433], [1.4089881055696634, 0.016128217263828827, 12.03943969363433], [8.58, 6.031077348358839, 12.06983905250592], [4.29, 6.024748424196279, 14.403046317020737], [7.249940058686554, 5.998968628810975, 14.426870192701875], [9.910059941313444, 5.998968628810975, 14.426870192701875], [9.90971930807783, 2.090555921937595, 14.426869604150841], [4.289999999999998, 2.0645113178890395, 14.403361633370409], [7.250280691922167, 2.090555921937595, 14.426869604150841], [11.354555077635665, 4.044680121085493, 14.318029959973726], [5.805444922364334, 4.044680121085493, 14.318029959973726], [8.58, 4.044791596714065, 13.875231756767459]]","[[8.58, 0.0, 0.0], [4.29, 6.066976182580577, 0.0], [0.0, 0.0, 24.044650788387052]]"
/home/sowiredumensah/lustre/project/rounds/dft_5/optimized_structures/CO2_Fe_dopedwith_Rh.cif,"[[4.29, 6.05933579091372, 9.70057392479613], [2.865362656735688, 0.006301961677447568, 9.720314484131444], [5.714637343264311, 0.0063019616774475, 9.720314484131444], [10.00402255732421, 2.016128341332815, 9.72035085624126], [4.289999999999999, 2.0297960305807212, 9.700466437664115], [7.155977442675789, 2.0161283413328155, 9.72035085624126], [11.426886308456353, 4.044512530595176, 9.738876192223852], [5.733113691543648, 4.044512530595176, 9.738876192223852], [8.58, 4.044928630899255, 9.684291262213334], [8.58, 2.0560977290708164, 12.033130901760531], [2.880992008526515, 2.0155769811171513, 12.033674138571751], [5.699007991473484, 2.0155769811171513, 12.033674138571751], [10.03206946001105, 4.044547435141643, 12.03150708390769], [4.29, 4.044755292775328, 12.032304889211172], [7.12793053998895, 4.044547435141643, 12.03150708390769], [7.170413499005032, 0.006758209491175268, 12.033776879391011], [1.4095865009949682, 0.006758209491175268, 12.033776879391011], [8.58, 6.03303191496469, 12.03312748517348], [4.29, 6.046148514182311, 14.37052683905462], [7.246090311174999, 6.016183774219571, 14.384803124473452], [9.913909688825001, 6.016183774219571, 14.384803124473452], [9.913525451251305, 2.073306513220999, 14.384760598360362], [4.29, 2.043279405079239, 14.370568092202564], [7.246474548748691, 2.0733065132209996, 14.384760598360362], [11.405201717889032, 4.044703487381556, 14.320585481676716], [5.754798282110967, 4.044703487381556, 14.320585481676716], [8.58, 4.044913431659916, 13.94251399495917]]","[[8.58, 0.0, 0.0], [4.29, 6.066976182580577, 0.0], [0.0, 0.0, 24.044650788387052]]"
/home/sowiredumensah/lustre/project/rounds/dft_5/optimized_structures/CO2_Fe_dopedwith_Nb.cif,"[[8.58, -0.008458579304645386, 9.756946070768873], [7.1566599395542365, 6.069354292690758, 9.76291425197233], [10.003340060445764, 6.069354292690758, 9.76291425197233], [10.002794682257688, 2.020033880710596, 9.762865855223307], [4.29, 2.030663204889771, 9.756751202543624], [7.157205317742308, 2.020033880710596, 9.762865855223307], [11.430629533460785, 4.044491264983193, 9.768221589409725], [5.729370466539214, 4.044491264983193, 9.768221589409723], [8.579999999999997, 4.044813936213092, 9.748973702855249], [8.58, 2.064266241472157, 12.0532265889847], [2.8726988806197267, 2.007320581322842, 12.03406365192563], [5.707301119380273, 2.007320581322842, 12.03406365192563], [10.050768673665086, 4.044558463705427, 12.026650790363327], [4.29, 4.044755281627177, 12.047083399759465], [7.109231326334914, 4.044558463705427, 12.026650790363327], [7.162334080015006, 0.015088278888182163, 12.034195996748394], [1.4176659199849935, 0.01508827888818216, 12.034195996748394], [8.58, 6.024850729901437, 12.05333083338335], [4.29, 6.0368646125247, 14.305803342968813], [7.216568547489804, 6.021858402367294, 14.331043372928619], [9.943431452510195, 6.021858402367294, 14.331043372928619], [9.942952185984819, 2.0674265498153406, 14.331066849259862], [4.29, 2.0520939297097938, 14.305680223757852], [7.21704781401518, 2.0674265498153406, 14.331066849259862], [11.395478679674458, 4.0445883960484235, 14.31108470570681], [5.76452132032554, 4.0445883960484235, 14.31108470570681], [8.58, 4.0447712976469905, 13.86264658530284]]","[[8.58, 0.0, 0.0], [4.29, 6.066976182580577, 0.0], [0.0, 0.0, 24.044650788387052]]"
/home/sowiredumensah/lustre/project/rounds/dft_5/optimized_structures/CO2_Fe_dopedwith_Zn.cif,"[[4.29, 6.066123890763968, 9.879742118442596], [7.151103062980466, 6.060112952616279, 9.88211939417353], [10.008896937019534, 6.060112952616279, 9.88211939417353], [10.008676813462118, 2.02914396710644, 9.882152541029464], [4.29, 2.0232302418860693, 9.879612657703385], [7.15132318653788, 2.02914396710644, 9.882152541029464], [11.432530828918422, 4.044669577259006, 9.890680619377992], [5.727469171081578, 4.044669577259006, 9.890680619377992], [8.58, 4.04462909883788, 9.865121426260542], [8.58, 2.031332003040489, 12.033217680816943], [2.8615246296912, 2.019379595621458, 12.021471121597319], [5.7184753703088, 2.019379595621458, 12.021471121597319], [9.991613353204967, 4.0446503161896965, 12.043339025532863], [4.29, 4.044721104469891, 12.018082648266482], [7.168386646795033, 4.0446503161896965, 12.043339025532863], [7.15132446771383, 0.002913830242398772, 12.021537796660509], [1.4286755322861693, 0.002913830242398772, 12.021537796660509], [8.58, 6.0579673782749826, 12.033192723515954], [8.58, 0.008840886759355508, 14.174971146795452], [7.149930601680341, 6.056071407029984, 14.175614837053486], [10.01006939831966, 6.056071407029984, 14.175614837053486], [10.009843296747015, 2.033178711002589, 14.175598808293783], [4.29, 2.013391488656235, 14.175042096951827], [7.150156703252984, 2.033178711002589, 14.175598808293783], [11.413469545282107, 4.0446598449083515, 14.167238420793856], [5.746530454717895, 4.0446598449083515, 14.167238420793856], [8.58, 4.044587854615966, 14.03331344488506]]","[[8.58, 0.0, 0.0], [4.29, 6.066976182580577, 0.0], [0.0, 0.0, 24.044650788387052]]"
/home/sowiredumensah/lustre/project/rounds/dft_5/optimized_structures/CO2_Fe_dopedwith_Mo.cif,"[[4.29, 6.057740371688436, 9.718397596791712], [2.8700373107318953, 0.008314269567005837, 9.726994074192596], [5.709962689268105, 0.00831426956700564, 9.726994074192596], [9.99940365237701, 2.014149395021972, 9.727012740675185], [4.29, 2.0313637661396395, 9.71831003870659], [7.160596347622989, 2.014149395021972, 9.727012740675185], [11.426327128424175, 4.044501736360763, 9.737016598246493], [5.7336728715758225, 4.044501736360763, 9.737016598246493], [8.58, 4.044924456909478, 9.695333763210249], [8.58, 2.063453062434318, 12.070493329488919], [2.8721535735412798, 2.0136401530250163, 12.033758587164572], [5.707846426458719, 2.0136401530250163, 12.033758587164572], [10.042083152114067, 4.04456967463846, 12.026326539784309], [4.29, 4.044728387080122, 12.040359440926217], [7.117916847885934, 4.044569674638461, 12.026326539784309], [7.161621486108634, 0.008727930713499902, 12.033891139230384], [1.418378513891365, 0.008727930713499902, 12.033891139230384], [8.579999999999998, 6.025711661981855, 12.070421358647268], [4.29, 6.051629581103919, 14.349351883408236], [7.268933752938388, 6.003527693061012, 14.380680388557277], [9.891066247061612, 6.003527693061012, 14.380680388557277], [9.890745420247974, 2.085793193628272, 14.380669332063134], [4.29, 2.0376467324536462, 14.349175862339273], [7.269254579752023, 2.0857931936282728, 14.380669332063134], [11.393158074770708, 4.0446317020513884, 14.334654150182807], [5.766841925229291, 4.0446317020513884, 14.334654150182807], [8.579999999999997, 4.04483555584175, 13.889541558331807]]","[[8.58, 0.0, 0.0], [4.29, 6.066976182580577, 0.0], [0.0, 0.0, 24.044650788387052]]"
/home/sowiredumensah/lustre/project/rounds/dft_5/optimized_structures/CO2_Fe_dopedwith_Sb.cif,"[[4.29, 6.052845237088149, 9.743134119690852], [7.153793327341046, 6.067728242266353, 9.75206205136042], [10.006206672658953, 6.067728242266353, 9.75206205136042], [10.005793715884513, 2.0216891498479246, 9.752087819616186], [4.29, 2.036297895290279, 9.742814776893661], [7.154206284115487, 2.0216891498479246, 9.752087819616186], [11.425831500213622, 4.044548067104305, 9.76713723077756], [5.734168499786375, 4.044548067104305, 9.76713723077756], [8.58, 4.04478391508984, 9.769460029719546], [8.58, 2.0426331208250037, 12.102150879239822], [2.8373679640698777, 2.031432482317012, 12.039176129702964], [5.742632035930121, 2.031432482317012, 12.039176129702964], [9.987442460360061, 4.044523612038931, 12.00249599570786], [4.29, 4.044806420968417, 12.007527268325775], [7.1725575396399375, 4.044523612038931, 12.00249599570786], [11.416963825881531, 6.05789186160591, 12.039066435940411], [5.743036174118464, 6.05789186160591, 12.039066435940411], [8.58, 6.046609859310492, 12.10226782581304], [8.58, 0.0007640292966605254, 14.297638457585537], [7.167301498365401, 6.039478935890764, 14.315113582420908], [9.992698501634594, 6.039478935890764, 14.315113582420908], [9.992325678353252, 2.0501470784796525, 14.315028566024884], [4.29, 2.0221092397962948, 14.297758427549658], [7.167674321646747, 2.0501470784796525, 14.315028566024884], [11.364247156140696, 4.0448220505703105, 14.27415364995032], [5.7957528438593044, 4.0448220505703105, 14.27415364995032], [8.58, 4.045898833240754, 14.02809038700364]]","[[8.58, 0.0, 0.0], [4.29, 6.066976182580577, 0.0], [0.0, 0.0, 24.044650788387052]]"
/home/sowiredumensah/lustre/project/rounds/dft_5/optimized_structures/CO2_Fe_dopedwith_Hf.cif,"[[8.58, 0.004775891185603064, 9.880379111088615], [7.153523474403369, 6.063429332561692, 9.883553434720696], [10.00647652559663, 6.063429332561692, 9.883553434720696], [10.006256656271951, 2.0258435284969005, 9.883535640044892], [4.29, 2.017557488852667, 9.880273224953832], [7.153743343728047, 2.0258435284969005, 9.883535640044892], [11.433056149663003, 4.044673013228743, 9.88831315069121], [5.726943850336998, 4.044673013228743, 9.88831315069121], [8.58, 4.044587020972909, 9.86670047185429], [8.579999999999997, 2.0260362729930037, 12.020491920258058], [2.865640272354377, 2.0142201173140024, 12.021506321436647], [5.714359727645623, 2.0142201173140024, 12.021506321436647], [9.981707770910685, 4.0446654478183, 12.070288146089545], [4.29, 4.0447022170923015, 12.021463101017348], [7.178292229089314, 4.0446654478183, 12.070288146089545], [7.155449999828375, 0.008093099609565805, 12.021607963480783], [1.4245500001716251, 0.008093099609565805, 12.021607963480783], [8.58, 6.063181945690137, 12.020513661121576], [4.29, 6.059907364777652, 14.172972837917849], [7.171080597540711, 6.0216092816816085, 14.181075618620902], [9.988919402459288, 6.0216092816816085, 14.181075618620902], [9.988720177894045, 2.0676486410026316, 14.181018813504627], [4.29, 2.0293085580972368, 14.173037997941178], [7.171279822105955, 2.0676486410026316, 14.181018813504627], [11.420629018503952, 4.04460452143626, 14.171685664231264], [5.739370981496047, 4.04460452143626, 14.171685664231264], [8.58, 4.044663210760291, 13.956331594140698]]","[[8.58, 0.0, 0.0], [4.29, 6.066976182580577, 0.0], [0.0, 0.0, 24.044650788387052]]"
/home/sowiredumensah/lustre/project/rounds/dft_5/optimized_structures/CO2_Fe_dopedwith_Au.cif,"[[8.58, 0.006762202526101944, 9.817450603847039], [7.149940643687972, 6.078945751976154, 9.82314030549922], [10.010059356312029, 6.078945751976154, 9.82314030549922], [10.009740716389887, 2.0104038772720583, 9.823116269023162], [4.29, 2.015431815098674, 9.81731067820815], [7.1502592836101115, 2.0104038772720583, 9.823116269023162], [11.426286949298722, 4.044680116278488, 9.82895672001943], [5.733713050701279, 4.044680116278488, 9.82895672001943], [8.58, 4.044644008152836, 9.80004292370571], [8.58, 2.027751436989904, 12.046048564173557], [2.868391506678184, 2.0166776627360132, 12.012970109458532], [5.711608493321816, 2.0166776627360132, 12.012970109458532], [9.992688370073331, 4.0445412015800635, 12.080653250371086], [4.29, 4.044653009548442, 12.02872408967316], [7.167311629926668, 4.0445412015800635, 12.080653250371086], [7.158101020294414, 0.0057066231714385535, 12.012963611484853], [1.4218989797055825, 0.0057066231714385535, 12.012963611484853], [8.58, 6.061448683918261, 12.04605405906856], [4.29, 6.0707061685737695, 14.225128758760517], [7.226074789457396, 6.020248861935786, 14.233658505295177], [9.933925210542602, 6.020248861935786, 14.233658505295177], [9.93371224373581, 2.0692969146013644, 14.233647328666308], [4.29, 2.01877816734897, 14.225080917427269], [7.226287756264188, 2.0692969146013644, 14.233647328666308], [11.416351015286999, 4.044676669677285, 14.22912169194836], [5.743648984712999, 4.044676669677285, 14.22912169194836], [8.58, 4.04484878423828, 14.031218437510217]]","[[8.58, 0.0, 0.0], [4.29, 6.066976182580577, 0.0], [0.0, 0.0, 24.044650788387052]]"
/home/sowiredumensah/lustre/project/rounds/dft_5/optimized_structures/CO2_Fe_dopedwith_Ta.cif,"[[8.58, 0.007894556190300588, 9.87939535040862], [7.153766994489825, 6.062609422983734, 9.882879252285065], [10.006233005510175, 6.062609422983734, 9.882879252285065], [10.006002530292918, 2.0266675033487465, 9.882888237491981], [4.29, 2.0144635487099114, 9.879297962535448], [7.153997469707081, 2.0266675033487465, 9.882888237491981], [11.430337959249478, 4.044678777033843, 9.88805184877905], [5.729662040750522, 4.044678777033843, 9.88805184877905], [8.58, 4.044590594156555, 9.866263570432402], [8.579999999999998, 2.032827140849374, 12.02192554409574], [2.865046190664701, 2.0122644880570575, 12.021290327843195], [5.7149538093353, 2.0122644880570575, 12.021290327843195], [9.979896617829596, 4.044663765011716, 12.074933459317833], [4.29, 4.044696781571139, 12.0206307120382], [7.180103382170405, 4.044663765011716, 12.074933459317833], [7.1548562916944585, 0.010038526819123672, 12.02137263454325], [1.425143708305541, 0.010038526819123672, 12.02137263454325], [8.58, 6.056396351068651, 12.021928955896387], [4.29, 6.055380950894765, 14.175382294136133], [7.1752309490837485, 6.0168282078220745, 14.181947702808275], [9.98476905091625, 6.0168282078220745, 14.181947702808275], [9.984608213192532, 2.072430537951267, 14.181898767506713], [4.29, 2.0338471428917515, 14.175518351702886], [7.1753917868074675, 2.072430537951267, 14.181898767506713], [11.420526816819853, 4.04460189729813, 14.17315326631751], [5.739473183180143, 4.04460189729813, 14.17315326631751], [8.58, 4.044664112450922, 13.939685009846572]]","[[8.58, 0.0, 0.0], [4.29, 6.066976182580577, 0.0], [0.0, 0.0, 24.044650788387052]]"
/home/sowiredumensah/lustre/project/rounds/dft_5/optimized_structures/CO2_Fe_dopedwith_Zr.cif,"[[8.58, 0.005089470164046214, 9.880668727429931], [7.154203135640586, 6.062101953178424, 9.884595699917202], [10.005796864359414, 6.062101953178424, 9.884595699917202], [10.005555060238576, 2.027154658075565, 9.884572213260867], [4.289999999999998, 2.0172774843309287, 9.880574186824633], [7.154444939761421, 2.027154658075565, 9.884572213260867], [11.433757157145019, 4.044678367708822, 9.889157101245887], [5.7262428428549805, 4.044678367708822, 9.889157101245887], [8.58, 4.044577818530673, 9.865456056103508], [8.58, 2.030182456911233, 12.025163698615602], [2.8656362750729736, 2.013511995535974, 12.020909309729849], [5.714363724927024, 2.013511995535974, 12.020909309729849], [9.97916650201533, 4.044672608620531, 12.073292929498693], [4.29, 4.04471563763149, 12.021011666430121], [7.180833497984668, 4.044672608620531, 12.073292929498693], [7.15545768231842, 0.008773548470133376, 12.021005353918754], [1.4245423176815795, 0.008773548470133376, 12.021005353918754], [8.579999999999997, 6.059036578860143, 12.025186984112722], [4.29, 6.060684347105052, 14.174866604706242], [7.170695420577665, 6.021859071340702, 14.180063741739774], [9.989304579422335, 6.021859071340702, 14.180063741739774], [9.989110786019364, 2.0674100549893617, 14.180036427351997], [4.289999999999999, 2.0285089177345257, 14.174928985720127], [7.170889213980635, 2.0674100549893617, 14.180036427351997], [11.416950866744589, 4.0446007138053615, 14.169420853788688], [5.743049133255412, 4.0446007138053615, 14.169420853788688], [8.58, 4.044679518944677, 13.945665584603429]]","[[8.58, 0.0, 0.0], [4.29, 6.066976182580577, 0.0], [0.0, 0.0, 24.044650788387052]]"
/home/sowiredumensah/lustre/project/rounds/dft_5/optimized_structures/CO2_Fe_dopedwith_Pb.cif,"[[8.58, 0.0031673903142943154, 9.815233744057975], [7.1482236331350295, 6.072518669069757, 9.821821704944396], [10.011776366864968, 6.072518669069757, 9.821821704944396], [10.011499175377606, 2.0168167398166497, 9.821829219753683], [4.29, 2.019065321150266, 9.815110583219685], [7.148500824622393, 2.0168167398166497, 9.821829219753683], [11.42986272711829, 4.044655846030702, 9.820422909712057], [5.7301372728817075, 4.044655846030702, 9.820422909712057], [8.58, 4.044690443826881, 9.816647575345936], [8.58, 2.032111478038135, 12.052576465328317], [2.856024097667922, 2.0233440937238734, 12.024072077829349], [5.723975902332076, 2.0233440937238734, 12.024072077829349], [9.988480886071656, 4.044569621999274, 12.03550253074623], [4.29, 4.04466245262722, 12.016209303640117], [7.171519113928345, 4.044569621999274, 12.03550253074623], [7.145669585572176, -0.000990482736366819, 12.024067571813648], [1.4343304144278224, -0.000990482736366819, 12.024067571813648], [8.579999999999998, 6.0571318232984535, 12.052634611891452], [8.58, 0.010113439506065023, 14.226258356170185], [7.172897723023922, 6.055681392629848, 14.22966468945297], [9.987102276976078, 6.055681392629848, 14.22966468945297], [9.986835852634576, 2.0338884097989376, 14.229614063240343], [4.29, 2.012373105471977, 14.226229373532117], [7.173164147365423, 2.0338884097989376, 14.229614063240343], [11.414152190619234, 4.044691275055198, 14.221133648213462], [5.745847809380763, 4.044691275055198, 14.221133648213462], [8.58, 4.044897607988726, 14.118652545667272]]","[[8.58, 0.0, 0.0], [4.29, 6.066976182580577, 0.0], [0.0, 0.0, 24.044650788387052]]"
/home/sowiredumensah/lustre/project/rounds/dft_5/optimized_structures/CO2_Fe_dopedwith_Bi.cif,"[[4.29, 6.058938357446975, 9.765608280414742], [7.150682770706814, 6.066014874598982, 9.75129916155656], [10.009317229293181, 6.066014874598982, 9.75129916155656], [1.428835279333119, 2.02345537011386, 9.751275380030656], [4.29, 2.0301803726410874, 9.765324388582501], [7.1511647206668805, 2.02345537011386, 9.751275380030656], [2.852721691592358, 4.044543382116579, 9.760498262958947], [5.727278308407642, 4.044543382116579, 9.760498262958947], [8.58, 4.044863122728787, 9.797657524711111], [8.58, 2.044815995120218, 12.092705391347435], [2.83437628677843, 2.033323685100371, 12.040687052346533], [5.745623713221569, 2.033323685100371, 12.040687052346533], [10.014651567294722, 4.044505596986329, 11.981482673492296], [4.29, 4.044730254294484, 12.018541194571766], [7.145348432705277, 4.044505596986329, 11.981482673492296], [11.41417615128106, 6.055930880162145, 12.040672030264515], [5.745823848718934, 6.055930880162145, 12.040672030264515], [8.58, 6.044520167022796, 12.092811868869948], [8.58, -0.0006937979956047335, 14.295178516432996], [7.187908096283857, 6.048248335014233, 14.330682047017094], [9.972091903716146, 6.048248335014233, 14.330682047017094], [9.971445073583265, 2.0411854036362964, 14.330516335058315], [4.29, 2.024019061888106, 14.295169686104948], [7.188554926416735, 2.0411854036362964, 14.330516335058315], [11.363971464087536, 4.0450096215287, 14.28769444275288], [5.796028535912461, 4.0450096215287, 14.28769444275288], [8.58, 4.047795334432797, 13.954931046029797]]","[[8.58, 0.0, 0.0], [4.29, 6.066976182580577, 0.0], [0.0, 0.0, 24.044650788387052]]"
